AC_TYPEID,SSD_NAME,MANUFACTURER,LONG_NAME,SHORT_NAME,BEGIN_DATE,END_DATE
7,AERO COMMANDER 200,ROCKWELL,AERO COMMANDER 200,COMMANDR,01-01-90,9999
8,AERO MACCHI AL-60,AERO MACCHI,AERO MACCHI AL-60,AL-60,01-01-90,9999
9,AERONCA 7-AC,AERONCA,AERONCA 7-AC,AERONCA7,01-01-90,9999
10,BEECH 35/36,BEECHCRAFT,BEECH BONANZA 35A/C/D/E/G/H/J/K/S/V/  36A,BONANZA,01-01-90,9999
20,BELLANCA CH-300,BELLANCA,BELLANCA CH-300,CH-300,01-01-90,9999
24,BEECH B-23,BEECHCRAFT,BEECH B-23 MUSKETEER,MUSKTEER,01-01-90,9999
26,GIPPS AERO GA8 AIR,GIPPS AERO,GIPPS AERO GA8 AIRVAN,AIRVAN,01-01-14,9999
29,CESSNA 150/152,CESSNA,CESSNA 150/152,CE-150/2,01-01-90,9999
30,CESSNA 180,CESSNA,CESSNA 180,CE-180,01-01-90,9999
31,CESSNA 180A/B,CESSNA,CESSNA 180A/B,CE-180,01-01-90,9999
32,CESSNA 180C/D/E/F,CESSNA,CESSNA 180C/D/E/F,CE-180C,01-01-90,9999
33,CESSNA 185A/B/C,CESSNA,CESSNA 185A/B/C SKYWAGON,SKYWAGON,01-01-90,9999
34,HELIO H250/295/395,HELIO,HELIO H-250/295/395,COURIER,01-01-90,9999
35,CESSNA 206/207/209,CESSNA,CESSNA C206/207/209/210 STATIONAIR,CE-206/7,01-01-90,9999
36,CESSNA 172 SKYHAWK,CESSNA,CESSNA 172 SKYHAWK,SKYHAWK,01-01-90,9999
37,CESSNA 195,CESSNA,CESSNA 195,CE-195,01-01-90,9999
38,CESSNA CARDINAL,CESSNA,CESSNA 177 CARDINAL,CARDINAL,01-01-90,9999
39,CESSNA 182 SKYLANE,CESSNA,CESSNA 182 SKYLANE,SKYLANE,01-01-90,9999
40,DEHAVILLAND DHC2,DEHAVILLAND OF CANADA,DEHAVILLAND DHC2 BEAVER,BEAVER,01-01-90,9999
41,CESSNA 205,CESSNA,CESSNA 205,CE-205,01-01-90,9999
42,DEHAVILLAND DHC3,DEHAVILLAND OF CANADA,DEHAVILLAND DHC3 OTTER,OTTER,01-01-90,9999
44,LAKE LA-4,LAKE,LAKE LA-4,LA-4,01-01-90,9999
50,HOWARD DGA-15P,HOWARD,HOWARD DGA-15P,DGA-15P,01-01-90,9999
51,MOONEY M-21,MOONEY,MOONEY M-21,M-21,01-01-90,9999
52,MOONEY M-20C/E/G,MOONEY,MOONEY M-20C/E/G,M-20C/E,01-01-90,9999
65,NOORDUYN UC-64AS,NOORDUYN,NOORDUYN UC-64AS,UC-64AS,01-01-90,9999
70,PILATUS PORTER PC6,PILATUS,PILATUS PORTER PC6,PC6,01-01-90,9999
71,PILATUS PC6/350,PILATUS,PILATUS PORTER PC6/350,PC6/350,01-01-90,9999
79,PIPER PA-32,PIPER,PIPER PA-32 (CHEROKEE 6),PA-32,01-01-90,9999
80,PIPER PA-18,PIPER,PIPER PA-18 (SUPER-CUB),SUPERCUB,01-01-90,9999
81,PIPER PA-14,PIPER,PIPER PA-14 (FAMILY-CRUISER),FAMCRUIS,01-01-90,9999
82,PIPER PA-22,PIPER,PIPER PA-22 (TRI-PACER),TRIPACER,01-01-90,9999
83,PIPER PA-24,PIPER,PIPER PA-24 (COMANCHE),COMANCHE,01-01-90,9999
84,PIPER PA-28,PIPER,PIPER PA-28 (CHEROKEE),PA-28,01-01-90,9999
85,STINSON SR-9,STINSON,STINSON SR-9,SR-9,01-01-90,9999
86,PIPER PA-12,PIPER,PIPER PA-12 (SUPERCRUISER),PA-12,01-01-02,9999
87,STINSON V-77,STINSON,STINSON V-77,V-77,01-01-90,9999
88,STINSON SR-10E,STINSON,STINSON SR-10E BUSHMAN,BUSHMAN,01-01-90,9999
91,FLT/AMPHIB TURBINE,,FLOAT/AMPHIB TURBINE,FLT/AMPH,01-01-90,9999
92,PISTON-LT 450 HP,,FLOAT/AMPHIB PISTON-LT 450 HP,FLT/AMPH,01-01-90,9999
93,PISTON-450+ HP,,FLOAT/AMPHIB PISTON-450+ HP,FLT/AMPH,01-01-90,9999
94,LAND-TURBINE,,LAND-TURBINE,LAND,01-01-90,9999
95,PISTON-LT 450 HP,,LAND-PISTON-LT 450 HP,LAND,01-01-90,9999
96,PISTON-450+ HP,,LAND-PISTON-450+ HP,LAND,01-01-90,9999
97,STIN.FW 300-450 HP,STINSON,STINSON F.W. 300-450 HP,STNSN FW,01-01-50,9999
98,STIN.FW LT 300 HP,STINSON,STINSON 0-299 HP,STNSN FW,01-01-50,9999
103,AERO COMANDR 500/6,ROCKWELL,AERO COMMANDER (500/600 SERIES EXCPT 680FL),COMMANDR,01-01-90,9999
104,AERO COMANDR 680FL,ROCKWELL,GRAND COMMANDER 680FL,COMMANDR,01-01-90,9999
105,BEECH C-50,BEECHCRAFT,BEECH C-50 (TWIN BONANZA),TWBONANZ,01-01-90,9999
110,BEECH 18,BEECHCRAFT,BEECH 18 C-185,BE-18C,01-01-90,9999
111,BEECH KINGAIR 90,BEECHCRAFT,BEECH KING AIR 90,KING AIR,01-01-90,9999
113,BEECH B-95,BEECHCRAFT,BEECH B-95 (TRAVELAIR),TRAVLAIR,01-01-90,9999
115,BEECH AT-11,BEECHCRAFT,BEECH AT-11,AT-11,01-01-90,9999
117,BEECH BARON B-55,BEECHCRAFT,BEECH BARON (55 SERIES),BARON,01-01-90,9999
120,CESSNA T-50,CESSNA,CESSNA T-50 (BOBCAT),BOBCAT,01-01-90,9999
121,CESSNA C-421,CESSNA,CESSNA C-421,CE-C421,01-01-90,9999
122,CESSNA C-310,CESSNA,CESSNA C-310 SERIES,CE-C310,01-01-90,9999
123,CESSNA C-340/335,CESSNA,CESSNA C-340/335,CE-340,01-09-06,9999
125,CESSNA C-402/402A,CESSNA,CESSNA C-402/402A/402B,CE-402,01-01-90,9999
128,CESSNA 404,CESSNA,CESSNA 404,CE-404,01-01-90,9999
130,C-28 5ACF PBY,CONSOLIDATED VULTEE,C-28 5ACF PBY,PBY,01-01-90,9999
131,BRITT-NORMAN BN2/A,PILATUS BRITTEN-NORMAN,PILATUS BRITTEN-NORMAN BN2/A ISLANDER,ISLANDER,01-01-90,9999
132,C-28 5ACF-PBY EMQ,CONSOLIDATED VULTEE,C-28 5ACF-PBY-EMQ,PBY-EMQ,01-01-90,9999
133,BEECH QUEEN AIR,BEECHCRAFT,BEECH 65/65A-80/65B-80 (QUEEN AIR),QUEENAIR,01-01-90,9999
140,CONVAIR CV-240,CONVAIR,CONVAIR CV-240,CV-240,01-01-90,9999
143,CONVAIR CV-340/440,CONVAIR,CONVAIR CV-340/440,CV-340/4,01-01-90,9999
148,CESSNA C-337,CESSNA,CESSNA C-337 (SUPER SKY MASTER),SKYMASTR,01-01-90,9999
149,CESSNA C-401,CESSNA,CESSNA C-401,CE-C401,01-01-90,9999
150,CURTISS C46 SERIES,CURTISS-WRIGHT,CURTISS C46/20T/A/D/F/R COMMANDO,COMMANDO,01-01-90,9999
152,CESSNA C-411,CESSNA,CESSNA C-411,CE-411,01-01-90,9999
153,DHC4 CARIBOU,DEHAVILLAND OF CANADA,DEHAVILLAND DHC4 CARIBOU,CARIBOU,01-01-90,9999
158,DOUGLAS DC-2,MCDONNELL DOUGLAS,MCDONNELL DOUGLAS DC-2,DC-2,01-01-90,9999
159,HAMILTON B-18S,HAMILTON,HAMILTON B-18S LITTLE LINER (CONVERTED),B-18S,01-01-90,9999
160,DOUGLAS DC-3,MCDONNELL DOUGLAS,"MCDONNELL DOUGLAS DC-3/A/C,C-47/B",DC-3,01-01-90,9999
161,DORNIER DO-28,DORNIER,DORNIER DO-28 SKYSERVANT,DO-28,01-01-90,9999
166,CESSNA C-336,CESSNA,CESSNA C-336,CE-336,01-01-90,9999
167,FAIRCHILD C-82A,FAIRCHILD,FAIRCHILD C-82A,C-82A,01-01-90,9999
170,GRUMMAN G-21A,GRUMMAN,GRUMMAN G-21A (GOOSE),GOOSE,01-01-90,9999
171,GRUMMAN SA-16A-GR,GRUMMAN,GRUMMAN SA-16A-GR (ALBATROSS),ALBATRSS,01-01-90,9999
172,GRUMMAN G-44/44A,GRUMMAN,GRUMMAN G-44/44A (WIDGEON),WIDGEON,01-01-90,9999
173,GRUMMAN G-73,GRUMMAN,GRUMMAN G-73 (MALLARD),MALLARD,01-01-90,9999
174,DOVE DH-104,DEHAVILLAND OF CANADA,DEHAVILLAND DOVE DH-104,DOVE,01-01-90,9999
175,LOCKHEED L-12A,LOCKHEED,LOCKHEED L-12A/L-10/10A,L-12A,01-01-90,9999
180,MARTIN 202/202A,MARTIN,MARTIN 202/202A,M-202,01-01-90,9999
185,MARTIN 404,MARTIN,MARTIN 404,M-404,01-01-90,9999
190,PIPER PA-23,PIPER,PIPER PA-23-250 (AZTEC/APACHE),AZTEC,01-01-90,9999
193,PIPER T-1020,PIPER,PIPER T-1020,PA-T1020,01-01-90,9999
194,PIPER PA-31/T-1020,PIPER,PIPER PA-31 (NAVAJO)/T-1020,NAVAJO,01-11-96,9999
195,PIPER PA-34/39,PIPER,PIPER PA-34/39 (TWIN COMMANCHE),TWNCOMAN,01-01-90,9999
200,BOEING 377,BOEING,BOEING 377 STRATOCRUISER,B-377,01-01-90,9999
201,BN2A TRISLANDER,PILATUS BRITTEN-NORMAN,PILATUS BRITTEN-NORMAN BN2A TRISLANDER,TRISLNDR,01-01-90,9999
205,DH-114 HERON,DEHAVILLAND OF CANADA,DEHAVILLAND DH-114 HERON,HERON,01-01-90,9999
210,DOUGLAS DC-4,MCDONNELL DOUGLAS,MCDONNELL DOUGLAS DC-4(C54/C54A/C54B/C54E),DC-4,01-01-90,9999
216,DOUGLAS DC-6,MCDONNELL DOUGLAS,MCDONNELL DOUGLAS DC-6,DC-6,01-01-90,9999
218,DOUGLAS DC-6A,MCDONNELL DOUGLAS,MCDONNELL DOUGLAS DC-6A,DC-6A,01-01-90,9999
220,DOUGLAS DC-6B,MCDONNELL DOUGLAS,MCDONNELL DOUGLAS DC-6B,DC-6B,01-01-90,9999
225,DOUGLAS DC-7A/B,MCDONNELL DOUGLAS,MCDONNELL DOUGLAS DC-7A/B,DC-7A/B,01-01-90,9999
228,DOUGLAS DC-7C,MCDONNELL DOUGLAS,MCDONNELL DOUGLAS DC-7C,DC-7C,01-01-90,9999
240,LOCKHEED L-049,LOCKHEED,LOCKHEED L-049,L-049,01-01-90,9999
242,LOCKHEED L-649,LOCKHEED,LOCKHEED L-649,L-649,01-01-90,9999
244,LOCKHEED L-749/A,LOCKHEED,LOCKHEED L-749/749A,L-749/A,01-01-90,9999
247,LOCKHEED L-1049,LOCKHEED,LOCKHEED L-1049,L-1049,01-01-90,9999
248,LOCKHEED 1049C/D/E,LOCKHEED,LOCKHEED L-1049C/D/E,L-1049C,01-01-90,9999
252,LOCKHEED L-1049G/H,LOCKHEED,LOCKHEED L-1049G/H,L-1049G,01-01-90,9999
258,LOCKHEED L-1649A,LOCKHEED,LOCKHEED L-1649A,L-1649A,01-01-90,9999
280,SIKORSKY VS-44A,SIKORSKY,SIKORSKY VS-44A (AMPHIBIAN),VS-44A,01-01-90,9999
303,SUD ALOUETTE,SUD AVIATION,SUD ALOUETTE,ALOUETTE,01-01-90,9999
311,BELL B-47D,BELL,BELL B-47D,B-47D,01-01-90,9999
312,BELL B-47G,BELL,BELL B-47G,B-47G,01-01-90,9999
313,BELL B-47G2,BELL,BELL B-47G2,B-47G2,01-01-90,9999
314,BELL B-47J2,BELL,BELL B-47J2,B-47J2,01-01-90,9999
315,BELL B-206A,BELL,BELL B-206A,B-206A,01-01-90,9999
317,HU-1H ,BELL,HU-1H 204B,HUEY,01-06-16,9999
320,BOEING BV-107,BOEING VERTOL,BOEING VERTOL BV-107,BV-107,01-01-90,9999
321,BOEING BV-44,BOEING VERTOL,BOEING VERTOL BV-44,BV-44,01-01-90,9999
322,BRANTLEY B-2,BRANTLEY,BRANTLEY B-2,BRNTLY 2,01-01-90,9999
323,FAIRCHILD FH-1100,FAIRCHILD-HILLER,FAIRCHILD-HILLER FH-1100,FH-1100,01-01-90,9999
325,AGUSTA A-119 KOALA,AGUSTA,AGUSTA A-119 KOALA,A-119,01-11-13,9999
330,BOELKOW BO-105C,BOELKOW,BOELKOW BO-105C,BO-105C,01-01-90,9999
339,AIRBUS A330-900,AIRBUS INDUSTRIE,AIRBUS INDUSTRIE A330-900,A339,01-09-16,9999
340,EUROCOPTER AS350 ,AMERICAN EUROCOPTER,EUROCOMPTER AS350 B2 ASTAR,AS350 B2,01-12-10,9999
345,BELL 212 TWIN,BELL,BELL 212 TWIN TWO TWELVE,BELL 212,01-01-15,9999
350,HUGHES 300,HUGHES,HUGHES 300,HUGHS300,01-01-90,9999
355,HUGHES-500/530,HUGHES,HUGHES-500/530,HUGHS500,01-01-13,9999
359,AIRBUS A350-900,AIRBUS INDUSTRIE,AIRBUS INDUSTRIE A350-900,A350-9,01-09-16,9999
360,ROBINSON R44,ROBINSON,ROBINSON R44,R44,01-06-02,9999
380,SIKORSKY S-51,SIKORSKY,SIKORSKY S-51,S-51,01-01-90,9999
381,SIKORSKY S-55,SIKORSKY,SIKORSKY S-55,S-55,01-01-90,9999
385,SIKORSKY S-58A/B/C,SIKORSKY,SIKORSKY S-58A/B/C,S-58,01-01-90,9999
386,SIKORSKY S-61N,SIKORSKY,SIKORSKY S-61N,S-61N,01-01-90,9999
387,SIKORSKY S-61,SIKORSKY,SIKORSKY S-61,S-61,01-01-90,9999
388,SIKORSKY S-61L,SIKORSKY,SIKORSKY S-61L,S-61L,01-01-90,9999
389,SIKORSKY S-62/A,SIKORSKY,SIKORSKY S-62/A,S-62/A,01-01-90,9999
390,SIKORSKY S-76,SIKORSKY,SIKORSKY S-76,S-76,01-10-02,9999
393,AGUSTAWESTLAND 139,AGUSTAWESTLAND,AGUSTAWESTLAND AW139,AW139,01-01-10,9999
396,WESTLAND SR-N5,WESTLAND,WESTLAND SR-N5 (ACV),SR-N5,01-01-90,9999
401,BEECH 1300,BEECHCRAFT,BEECH 1300,BE-1300,01-01-90,9999
402,BEECH 18,BEECHCRAFT,BEECH MODEL 18 TURBO-PROP CONVERSIONS,BE-18,01-01-90,9999
403,BEECH 99,BEECHCRAFT,BEECH 99 AIRLINER,BE-99,01-01-90,9999
404,BEECH C99,BEECHCRAFT,BEECH C99,BE-C99,01-01-90,9999
405,BEECH 1900 A/B/C/D,BEECHCRAFT,BEECH 1900 A/B/C/D,BE-1900,01-01-90,9999
406,BEECH 200 KINGAIR,BEECHCRAFT,BEECH 200 SUPER KINGAIR,KINGAIR,01-01-95,9999
407,BAE-748,BRITISH AEROSPACE,BRITISH AEROSPACE (HAWKER-SIDDELEY) BAE-748,BAE-748,01-01-90,9999
408,BAE-ATP,BRITISH AEROSPACE,BRITISH AEROSPACE BAE-ATP,BAE-ATP,01-01-90,9999
409,BEECH B-100,BEECHCRAFT,BEECHCRAFT KING AIR B100 ,BE-B100,01-10-02,9999
410,ROCKWELL 680-W/690,ROCKWELL,ROCKWELL TURBO-COMMANDER 680-W/690,TCOMMNDR,01-01-90,9999
411,BEECHCRAFT 65-A90,BEECHCRAFT,BEECH KING AIR 65-A90 QUEEN AIR,BE-65,01-10-02,9999
412,CASA 212,"CONSTRUCCIONES AERONAUTICAS,SA",CASA/NURTANIO C212 AVIOCAR,C212,01-01-90,9999
413,CASA 235,"CONSTRUCCIONES AERONAUTICAS,SA",CASA 235,C 235,01-01-90,9999
415,CESSNA C208B,CESSNA,CESSNA C208B/GRAND CARAVAN,CE-208B,01-10-06,9999
416,CESSNA 208,CESSNA,CESSNA 208 CARAVAN,CARAVAN,01-01-90,9999
417,CESSNA 406,CESSNA,CESSNA 406 CARAVAN II,CARAVNII,01-01-02,9999
418,CESSNA C-441,CESSNA,CESSNA C-441,CE-C441,01-01-90,9999
420,CONVAIR CV-540,CONVAIR,CONVAIR CV-540,CV-540,01-01-90,9999
422,QUEST KODIAK 100,KODIAK,QUEST KODIAK 100,KODIAK ,01-07-11,9999
425,PIAGGIO P180 AVANT,PIAGGIO AVANTI,PIAGGIO P180 AVANTI,AVANTI,01-01-16,9999
430,CONVAIR CV-580,CONVAIR,CONVAIR CV-580,CV-580,01-01-90,9999
431,SOCATA TBM850,SOCATA,SOCATA TBM850,TBM850,01-09-10,9999
432,SAAB 2000,SAAB,SAAB 2000,SA2000,01-01-16,9999
433,SOCATA TBM-700,SOCATA,SOCATA TBM-700,TBM-700,01-09-06,9999
434,KING AIR A100,RAYTHEON,RAYTHEON KING AIR A100,A100,01-01-14,9999
435,CONVAIR CV-600,CONVAIR,CONVAIR CV-600,CV-600,01-01-90,9999
437,BEECH BARON B-58,RAYTHEON BEECHCRAFT,RAYTHEON BEECHCRAFT BARON B-58,BARON,01-06-08,9999
440,CONVAIR CV-640,CONVAIR,CONVAIR CV-640,CV-640,01-01-90,9999
441,ATR-42,AEROSPATIALE/AERITALIA,AEROSPATIALE/AERITALIA ATR-42,ATR-42,01-01-90,9999
442,ATR-72,AEROSPATIALE/AERITALIA,AEROSPATIALE/AERITALIA ATR-72,ATR-72,01-01-90,9999
443,AIR TRACTOR AT-802,AIR TRACTOR,AIR TRACTOR AT-802,AT-802,01-01-13,9999
444,ANTONOV 24/26/32,ANTONOV DESIGN BUREAU,ANTONOV 24/26/32,AN-24/6,01-01-99,9999
445,CONVAIR CV-660,CONVAIR,CONVAIR CV-660,CV-660,01-01-90,9999
448,DORNIER 228,DORNIER,DORNIER 228,DO-228,01-01-90,9999
449,DORNIER 328,FAIRCHILD DORNIER,DORNIER 328,DO-328,01-06-93,9999
450,F-27,FOKKER/FAIRCHILD,FOKKER FRIENDSHIP F-27/FAIRCHILD F-27/A/B/F/J,F-27,01-01-90,9999
452,FOKKER 50,FOKKER,FOKKER 50,FOKKER50,01-01-90,9999
454,FH-227,FAIRCHILD-HILLER,FAIRCHILD-HILLER FH-227,FH-227,01-01-90,9999
455,FAIRCHILD METRO 23,FAIRCHILD ,FAIRCHILD METRO 23,METRO 23,01-10-02,9999
456,SAAB-FAIRCHD 340/B,SAAB-FAIRCHILD,SAAB-FAIRCHILD 340/B,SF-340/B,01-01-90,9999
457,BEECH KING AIR ,BEECHCRAFT,BEECH KING AIR C-90,KINGAIR,01-01-01,9999
458,BEECH B-350,BEECHCRAFT,BEECHCRAFT SUPER KING AIR,BE-KING,01-10-02,9999
459,SAAB-FRCHILD 340/A,SAAB-FAIRCHILD,SAAB-FAIRCHILD 340/A,SF-340/A,01-09-05,9999
460,GRUMMAN G-21G,GRUMMAN,GRUMMAN G-21G (TURBO-GOOSE),GOOSE,01-01-93,9999
461,EMB-120 BRASILIA,EMBRAER,EMBRAER EMB-120 BRASILIA,EMB-120,01-01-90,9999
462,SWEARINGEN MERLIN,SWEARINGEN,SWEARINGEN METRO MERLIN,MERLIN,01-01-90,9999
463,MITSUBISHI MU-2/B,MITSUBISHI,MITSUBISHI MU-2/B,MU-2/B,01-01-90,9999
464,EMBRAER BANDEIRNTE,EMBRAER,EMBRAER EMB-110 BANDEIRANTE,EMB-110,01-01-90,9999
465,NIHON YS-11,NIHON (NAMCO),NIHON YS-11,YS-11,01-01-90,9999
466,SWEARINGEN METRO 2,FAIRCHILD SWEARINGEN,SWEARINGEN METRO II,METRO2,01-01-90,9999
467,SWEARINGEN METRO 3,FAIRCHILD SWEARINGEN,SWEARINGEN METRO III,METRO3,01-01-90,9999
468,H-P JETSTREAM,HANDLEY PAGE,HANDLEY PAGE JETSTREAM,JETSTRM,01-01-90,9999
469,BAE JETSTREAM 31,BRITISH AEROSPACE,BRITISH AEROSPACE JETSTREAM 31,JETSTM31,01-01-90,9999
470,GULFSTREAM I,GULFSTREAM AEROSPACE (GRUMMAN),GULFSTREAM I,G-159,01-01-90,9999
471,JETSTREAM 41,BRITISH AEROSPACE,BRITISH AEROSPACE JETSTREAM 41,JETST41,01-03-93,9999
473,GULFSTREAM I COMM,GULFSTREAM AEROSPACE (GRUMMAN),GULFSTREAM I-COMMANDER,G-159COM,01-01-90,9999
474,HAWKER SIDELEY 748,HAWKER SIDDELEY,HAWKER SIDDELEY 748,HAWKER S,01-10-02,9999
475,NORD 262,NORD AVIATION,NORD 262,N-262,01-01-90,9999
476,PIPER PA-30/31T,PIPER,PIPER PA-30/31T CHEYENNE II XL,PA-31T,01-10-02,9999
477,MOHAWK 298,NORD AVIATION,MOHAWK 298,MO-298,01-01-90,9999
478,PIPER T-1040,PIPER,PIPER T-1040,PA-T1040,01-01-90,9999
479,PILATUS PC-12,PILATUS,PILATUS PC-12,PC-12,01-01-99,9999
480,PILATUS PORTR PC6A,PILATUS,PILATUS TURBO PORTER PC-6A,PC-6A,01-01-90,9999
481,PILATUS PORTR PC6B,PILATUS,PILATUS TURBO PORTER PC-6B,PC-6B,01-01-90,9999
482,DHC8-Q400  DASH-8,DEHAVILLAND,DEHAVILLAND DHC8-400 DASH-8,DASH8-Q4,01-01-99,9999
483,DHC8-100 DASH 8,DEHAVILLAND,DEHAVILLAND DHC8-100 DASH-8,DASH8-1,01-01-90,9999
484,DHC8-300 DASH 8,DEHAVILLAND,DEHAVILLAND DHC8-300 DASH 8,DHC8-300,01-01-90,9999
485,DEHAVILLAND DHC-6,DEHAVILLAND,DEHAVILLAND TWIN OTTER DHC-6,DHC-6,01-01-90,9999
486,SHORT HARLAND SC-7,SHORT BROS. ,SHORTS HARLAND SC-7 SKYVAN,SKYVAN,01-01-90,9999
487,SHORTS 330,SHORT BROS.,SHORTS 330,SHORT330,01-01-90,9999
488,CARSTEDT CJ-600A,CARSTEDT,CARSTEDT CJ-600A,CJ-600A,01-01-90,9999
489,SHORTS 360,SHORT BROS.,SHORTS 360,SHORT360,01-01-90,9999
490,VOLPAR TURBO 18,VOLPAR,VOLPAR TURBO 18,VOLPAR18,01-01-90,9999
491,DEHAVILLAND DHC8-2,BOMBARDIER,DEHAVILLAND DHC8-200Q DASH-8,DHC8-200,01-11-02,9999
507,ANTONOV 12,ANTONOV DESIGN BUREAU,ANTONOV 12,AN-12,01-01-00,9999
508,ANTONOV AN-22-F,ANTONOV,ANTONOV AN-22 FREIGHTER,AN-22F,01-01-90,9999
510,AW-650,ARMSTRONG WHITWORTH,AW-650,AW-650,01-01-90,9999
515,CHALLENGER 350,BOMBARDIER,BOMARDIER CHALLENGER 350,BD-350,01-01-15,9999
520,CANADAIR CL-44D,CANADAIR,CANADAIR CL-44D,CL-44D,01-01-90,9999
541,ILYUSHIN 18,ILYUSHIN,ILYUSHIN IL-18,IL-18,01-01-90,9999
550,LOCKHEED L-188A/C,LOCKHEED,LOCKHEED L-188A/C ELECTRA,ELECTRA,01-01-90,9999
552,LOCKHEED L-382B,LOCKHEED,LOCKHEED L-382B,L-382B,01-01-90,9999
553,LOCKHEED L100-10,LOCKHEED,LOCKHEED L100-10 HERCULES,HERCULES,01-01-90,9999
555,LOCKHEED L100-20,LOCKHEED,LOCKHEED L100-20 HERCULES,HERCULES,01-01-90,9999
556,LOCKHEED L100-30,LOCKHEED,LOCKHEED L100-30/L-382E,HERCULES,01-01-90,9999
560,SHORTS-BELFAST-SH5,SHORT BROS.,SHORTS BELFAST FREIGHTER-SH5,SH5,01-01-90,9999
570,DEHAVILLAND DASH-7,DEHAVILLAND,DEHAVILLAND DHC7 DASH-7,DASH-7,01-01-90,9999
575,BOMBARDIER LEARJET,BOMBARDIER,BOMBARDIER LEARJET 75,LEAR75,01-12-13,9999
580,VV-700,VICKERS,VICKERS VISCOUNT 700/744/745/745D,VV-700,01-01-90,9999
584,VV-800,VICKERS,VICKERS VISCOUNT V800/810/812,VV-800,01-01-90,9999
601,FOKKER F28-1000,FOKKER,FOKKER F28-1000 FELLOWSHIP,F28-1000,01-01-90,9999
602,F28-4000/6000,FOKKER,FOKKER F28-4000/6000 FELLOWSHIP,F28-4000,01-01-90,9999
603,FOKKER 100,FOKKER,FOKKER 100,FOKKR100,01-01-90,9999
604,FOKKER 70,FOKKER,FOKKER 70,FOKKER70,01-01-94,9999
605,BAC-111-200,BRITISH AEROSPACE,BRITISH AEROSPACE BAC-111-200,BAC-111,01-01-90,9999
606,BEECHCRAFT PREMIER,RAYTHEON BEECHCRAFT,RAYTHEON BEECHRAFT 390 PREMIER I,PREMIER ,01-07-09,9999
607,ANTONOV AN-72/74,ANTONOV,ANTONOV AN-72/74,AN-72/74,01-09-06,9999
608,BOEING 717-200,BOEING,BOEING 717-200,B717-2,01-01-99,9999
609,CHALLENGER 300,BOMBARDIER,BOMBARDIER BD-100-1A10 CHALLENGER 300,BD-300,01-01-07,9999
610,BAC-111-400,BRITISH AEROSPACE,BRITISH AEROSPACE BAC-111-400,BAC-111,01-01-90,9999
611,AERO COMMNDER 1121,ROCKWELL,AERO COMMANDER 1121,COMMANDR,01-01-90,9999
612,BOEING 737-700/LR,BOEING,BOEING 737-700/700LR/MAX 7,B737-7,01-01-98,9999
613,AEROSPATL CORVETTE,AEROSPATIALE,AEROSPATIALE CORVETTE,CORVETTE,01-01-90,9999
614,BOEING 737-800,BOEING,BOEING 737-800,B737-8,01-01-98,9999
615,BOEING 737-5/600LR,BOEING,BOEING 737-5/600LR,B737-5LR,01-01-98,9999
616,BOEING 737-500,BOEING,BOEING 737-500,B737-5,01-01-90,9999
617,BOEING 737-400,BOEING,BOEING 737-400,B737-4,01-01-90,9999
618,BOEING 737-300LR,BOEING,BOEING 737-300LR,B737-3LR,01-01-90,9999
619,BOEING 737-300,BOEING,BOEING 737-300,B737-3,01-01-90,9999
620,BOEING 737-100/200,BOEING,BOEING 737-100/200,B737-1/2,01-01-90,9999
621,BOEING 737-200C,BOEING,BOEING 737-200C,B737-2C,01-01-90,9999
622,BOEING 757-200,BOEING,BOEING 757-200,B757-2,01-01-90,9999
623,BOEING 757-300,BOEING,BOEING 757-300,B757-3,01-01-99,9999
624,BOEING 767-400/ER,BOEING,BOEING 767-400/ER,B767-4,01-01-98,9999
625,BOEING 767-200/ER,BOEING,BOEING 767-200/ER/EM,B767-2/R,01-01-90,9999
626,BOEING 767-300/ER,BOEING,BOEING 767-300/300ER,B767-3/R,01-01-90,9999
627,BOEING 777-200,BOEING,BOEING 777-200ER/200LR/233LR,B777-2,01-01-94,9999
628,CANADAIR RJ-100/ER,CANADAIR,CANADAIR RJ-100/RJ-100ER,RJ100/ER,01-03-93,9999
629,RJ-200ER/RJ-440,BOMBARDIER,CANADAIR RJ-200ER /RJ-440,CRJ-2/4,01-01-97,9999
630,DOUGLAS DC-9-10,MCDONNELL DOUGLAS,MCDONNELL DOUGLAS DC-9-10,DC-9-10,01-01-90,9999
631,CANADAIR RJ-700,CANADAIR,CANADAIR RJ-700,RJ-700,01-01-90,9999
632,DORNIER 328 JET,FAIRCHILD DORNIER,DORNIER 328 JET,DO-328 J,01-01-01,9999
633,BOEING 737-600,BOEING,BOEING 737-600,B737-6,01-04-02,9999
634,BOEING 737-900,BOEING,BOEING 737-900,B737-9,01-04-02,9999
635,DOUGLAS DC-9-15F,MCDONNELL DOUGLAS,MCDONNELL DOUGLAS DC-9-15F,DC-9-15F,01-01-90,9999
636,CESSNA CITATION ,CESSNA,CESSNA CITATION II/ BRAVO,CITATNII,01-10-02,9999
637,BOEING 777-300/ER,BOEING,BOEING 777-300/300ER/333ER,B777-3,01-03-04,9999
638,CANADAIR CRJ 900,BOMBARDIER,CANADAIR CRJ 900,CRJ-900,01-03-03,9999
639,CITATIONJET/CJ,CESSNA,CESSNA CITATIONJET/CJ1/CJ2/CJ3,CITATNJ,01-12-03,9999
640,DOUGLAS DC-9-30,MCDONNELL DOUGLAS,MCDONNELL DOUGLAS DC-9-30,DC-9-30,01-01-90,9999
641,GULFSTREAM G-IV,GULFSTREAM AEROSPACE ,GULFSTREAM AEROSPACE G-III/G-IV  ,G-III/IV,01-01-09,9999
642,BEECH HAWKER 400XP,RAYTHEON BEECHCRAFT,RAYTHEON BEECHCRAFT HAWKER 400XP,HAWKER ,01-01-09,9999
643,WESTWIND II,ISRAEL AIRCRAFT INDUSTRIES,1124A WESTWIND II,WESTWIND,01-01-09,9999
644,A-318,AIRBUS INDUSTRIE,AIRBUS INDUSTRIE A-318,A318,01-06-03,9999
645,DOUGLAS DC-9-40,MCDONNELL DOUGLAS,MCDONNELL DOUGLAS DC-9-40,DC-9-40,01-01-90,9999
646,CSSNA CITATIONIII,CESSNA,CESSNA CITATION X MODEL 650/550B/550XL,CITATNX,01-06-78,9999
647,CSSNA CITATION X,CESSNA,CESSNA CITATION X MODEL CE750 X,CE-750X,01-09-06,9999
648,GULFSTREAM G200,GULFSTEAM,GULFSTREAM G200,G200,01-06-08,9999
649,TUPOLEV TU-204,TUPOLEV,TUPOLEV TU-204-300,TU-204,01-12-07,9999
650,DOUGLAS DC-9-50,MCDONNELL DOUGLAS,MCDONNELL DOUGLAS DC-9-50,DC-9-50,01-01-90,9999
651,GULFSTEAM G150,GULFSTEAM,GULFSTREAM G150,G150,01-06-08,9999
652,CANADAIR CL-600,CANADAIR,CANADAIR CL-600 CHALLENGER,CL-600,01-06-08,9999
653,CESSNA CE-680 ,CESSNA,CESSNA CE-680 CITATION SOVEREIGN,CE-680,01-06-08,9999
654,MD-87,MCDONNELL DOUGLAS,MCDONNELL DOUGLAS DC9 SUPER 87,MD-87,01-10-96,9999
655,MD-80/1/2/3/8,MCDONNELL DOUGLAS,MCDONNELL DOUGLAS DC9 SUPER 80/MD81/82/83/88,MD-80,01-01-90,9999
656,MD-90,MCDONNELL DOUGLAS,MCDONNELL DOUGLAS MD-90,MD-90,01-01-95,9999
657,BOMBARDIER CRJ 705,BOMBARDIER,BOMBARDIER CRJ 705,CRJ-705,01-06-05,9999
658,BOMBARDIER BD-700,BOMBARDIER,BOMBARDIER BD-700 GLOBAL EXPRESS,BD-700,01-06-05,9999
659,LEARJET 60,BOMBARDIER,BOMBARDIER (GATES) LEARJET 60,LEAR-60,01-06-91,9999
660,LEAR-23,GATES LEARJET,GATES LEARJET LEAR-23,LEAR-23,01-01-90,9999
661,LEAR-24,GATES LEARJET,GATES LEARJET LEAR-24,LEAR-24,01-01-90,9999
662,LEAR-25,GATES LEARJET,GATES LEARJET LEAR-25,LEAR-25,01-01-90,9999
663,LEAR-35,GATES LEARJET,GATES LEARJET LEAR-31/35/36,LEAR-35,01-01-90,9999
664,HFB-320 HANSA,HANSA,HFB-320 HANSA,HFB-320,01-01-90,9999
665,BAE HS-125,BRITISH AEROSP/HAWKER SIDDELEY,HAWKER SIDDELEY 125,HS-125,01-01-95,9999
666,LEAR 55,GATES LEARJET,LEAR 55,LEAR-55,01-10-02,9999
667,GULFSTREAM V/ G-V ,GULFSTREAM AEROSPACE,GULFSTREAM III/V/ G-V EXEC/ G-5/550,G-V,01-10-02,9999
668,CHALLENGER 601,BOMBARDIER,CANADAIR (BOMBARDIER) CHALLLENGER 601,CL-601,01-06-05,9999
669,CHALLENGER 604/605,BOMBARDIER,BOMBARDIER CHALLENGER 604/605,CL-604/5,01-06-05,9999
670,ROCKWELL SABRELINR,ROCKWELL,ROCKWELL SABRELINER,SABRELNR,01-01-90,9999
671,GULFSTREAM G450,GULFSTREAM,GULFSTREAM G450,G450,01-04-06,9999
673,EMBRAER-175,EMBRAER,EMBRAER ERJ-175,ERJ-175,01-03-04,9999
674,EMBRAER-135,EMBRAER,EMBRAER-135,EMB-135,01-01-98,9999
675,EMBRAER-145,EMBRAER,EMBRAER-145,EMB-145,01-01-96,9999
676,EMBRAER-140,EMBRAER,EMBRAER-140,EMB-140,01-01-01,9999
677,EMB-170/EMB-175,EMBRAER,EMB-170/EMB-175,EMB-170,01-03-04,9999
678,EMBRAER 190,EMBRAER,EMBRAER 190,EMB-190,01-12-05,9999
679,GRUMMAN G-1159,GULFSTREAM,GRUMMAN G-1159 GULFSTREAM II/III,G-III,01-01-09,9999
680,CARAVELLE SE-210,AEROSPATIALE,AEROSPATIALE CARAVELLE SE-210,CARAVLLE,01-01-90,9999
681,DASSAULT FALCON,DASSAULT-BREGUET,DASSAULT-BREGUET MYSTERE-FALCON,FALCON,01-01-90,9999
682,DASSAULT 2000,DASSAULT ,DASSAULT FALCON 2000EX/2000LXS,DA-2000,01-09-06,9999
683,BOEING B777-F,BOEING,BOEING B777-F,B777-F,01-07-09,9999
684,BEECH HAWKER 800XP,RAYTHEON BEECHCRAFT,RAYTHEON BEECHCRAFT HAWKER 800XP,800XP,01-07-09,9999
685,CESSNA 510/560XL ,CESSNA,CESSNA 510 MUSTANG/560XL CITATION EXCEL,CE-560XL,01-01-10,9999
686,BOMBARDIER LJET45,BOMBARDIER,LEARJET45,LEAR-45,01-01-10,9999
687,AIRBUS A330-300,AIRBUS INDUSTRIE,AIRBUS INDUSTRIE A330-300,A330-3,01-01-04,9999
688,GLOBAL 5000,BOMBARDIER,BOMBARDIER GLOBAL 5000,GL5000,01-01-14,9999
689,A300-600ST(BELUGA),AIRBUS INDUSTRIE,AIRBUS INDUSTRIE A330-600ST (BELUGA),BELUGA,01-07-98,9999
690,A300B/C/F-100/200,AIRBUS INDUSTRIE,AIRBUS INDUSTRIE A300B/C/F-100/200,A300-1/2,01-01-90,9999
691,A300-600/R/CF/RCF,AIRBUS INDUSTRIE,AIRBUS INDUSTRIE A300-600/R/CF/RCF,A300-6,01-01-90,9999
692,A310-200C/F,AIRBUS INDUSTRIE,AIRBUS INDUSTRIE A310-200C/F,A310-2CF,01-01-90,9999
693,A310-300,AIRBUS INDUSTRIE,AIRBUS INDUSTRIE A310-300,A310-3,01-01-90,9999
694,A320-100/200,AIRBUS INDUSTRIE,AIRBUS INDUSTRIE A320-100/200,A320-1/2,01-01-90,9999
695,A300-B2,AIRBUS INDUSTRIE,AIRBUS INDUSTRIE A300-B2,A300-B2,01-01-90,9999
696,A330-200/220F,AIRBUS INDUSTRIE,AIRBUS INDUSTRIE A330-200,A330-2,01-01-92,9999
697,A340,AIRBUS INDUSTRIE,AIRBUS INDUSTRIE A340,A340,01-01-92,9999
698,A319,AIRBUS INDUSTRIE,AIRBUS INDUSTRIE A319,A319,01-01-97,9999
699,A321,AIRBUS INDUSTRIE,AIRBUS INDUSTRIE A321,A321,01-01-90,9999
710,BOEING 727-100,BOEING,BOEING 727-100,B727-100,01-01-90,9999
711,BOEING 727-100C/QC,BOEING,BOEING 727-100C/QC,B727-1C,01-01-90,9999
714,SUKHOI SUPERJ 100,SUKHOI,SUKHOI SUPERJET 100,SSJ-100,01-07-14,9999
715,BOEING 727-200,BOEING,BOEING 727-200/231A,B727-2,01-01-90,9999
717,MRJ-70/STD/ER/LR,MITSUBISHI,MRJ-70/STD/ER/LR,MRJ-70,01-07-15,9999
718,MRJ-90/STD/SR/LR,MITSUBISHI,MRJ-90/STD/SR/LR,MRJ-90,01-07-15,9999
719,A319-200N,AIRBUS INDUSTRIE,AIRBUS INDUSTRIE A319-200N,A319NEO,01-01-17,9999
720,BOMBARDIER CS100,BOMBARDIER CS100,BOMBARDIER C SERIES CS100,CS100,01-01-17,9999
721,A321-200N,AIRBUS INDUSTRIE,AIRBUS INDUSTRIE A321-200N,A321NEO,01-01-17,9999
722,A320-200N,AIRBUS INDUSTRIE,AIRBUS INDUSTRIE A320-200N,A320NEO,01-01-17,9999
730,DOUGLAS DC-10-10,MCDONNELL DOUGLAS,MCDONNELL DOUGLAS DC-10-10,DC-10-10,01-01-90,9999
731,DOUGLAS DC-10-20,MCDONNELL DOUGLAS,MCDONNELL DOUGLAS DC-10-20,DC-10-20,01-01-90,9999
732,DOUGLAS DC-10-30,MCDONNELL DOUGLAS,MCDONNELL DOUGLAS DC-10-30,DC-10-30,01-01-90,9999
733,DOUGLAS DC-10-40,MCDONNELL DOUGLAS,MCDONNELL DOUGLAS DC-10-40,DC-10-40,01-01-90,9999
735,DOUGLAS DC-10-30CF,MCDONNELL DOUGLAS,MCDONNELL DOUGLAS DC-10-30CF,DC10-30F,01-01-90,9999
740,MD-11,MCDONNELL DOUGLAS,MCDONNELL DOUGLAS MD-11,MD-11,01-01-90,9999
750,GULFSTREAM G650,GULFSTREAM,GULFSTREAM G650,G650,01-01-14,9999
755,EMBRAER LEGACY 600,EMBRAER,EMBRAER LEGACY 600,LEG-600,01-06-15,9999
760,L-1011-1/100/200,LOCKHEED,LOCKHEED L-1011-1/100/200,L-1011,01-01-90,9999
765,L-1011-500 TRISTAR,LOCKHEED,LOCKHEED L-1011-500 TRISTAR,L-1011,01-01-90,9999
770,FALCON 900,DASSAULT FALCON,DASSAULT FALCON 900/900EX,FA-900,01-10-02,9999
771,FALCON 50,DASSAULT FALCON,DASSAULT FALCON 50,FA-50,01-10-02,9999
774,DASSAULT FALCON ,DASSAULT FALCON,DASSAULT FALCON 2000,DA 2000,01-01-12,9999
775,DASSAULT FALCON 7X,DASSAULT FALCON,DASSAULT FALCON 7X,FALCON,01-10-08,9999
780,TUPOLEV 154,TUPOLEV,TUPOLEV TU-154,TU-154,01-01-90,9999
788,GLOBAL 6000,BOMBARDIER ,BOMBARDIER GLOBAL 6000,GL6000,01-01-14,9999
792,YAKOLEV 42,YAKOLEV,YAKOLEV YAK-42,YAK-42,01-01-90,9999
800,BOEING 707-100,BOEING,BOEING 707-100,B707-100,01-01-90,9999
802,BOEING 707-100B,BOEING,BOEING 707-100B,B707-1B,01-01-90,9999
804,BOEING 707-200,BOEING,BOEING 707-200,B707-2,01-01-90,9999
806,BOEING 707-300,BOEING,BOEING 707-300,B707-3,01-01-90,9999
808,BOEING 707-300B,BOEING,BOEING 707-300B,B707-3B,01-01-90,9999
809,BOEING 707-300C,BOEING,BOEING 707-300C,B707-3C,01-01-90,9999
810,BOEING 707-400,BOEING,BOEING 707-400,B707-4,01-01-90,9999
812,BOEING 720,BOEING,BOEING 720-000,B720-0,01-01-90,9999
814,BOEING 720-B,BOEING,BOEING 720-000B,B720-B,01-01-90,9999
816,BOEING 747-100,BOEING,BOEING 747-100,B747-100,01-01-90,9999
817,BOEING 747-200/300,BOEING,BOEING 747-200/300,B747-2/3,01-01-90,9999
818,BOEING 747C,BOEING,BOEING 747C,B747C,01-01-90,9999
819,BOEING 747-400,BOEING,BOEING 747-400,B747-4,01-01-90,9999
820,BOEING 747-4F,BOEING,BOEING 747-400F,B747-4F,01-01-90,9999
821,BOEING B747-8,BOEING,BOEING B747-8,B747-8,01-01-10,9999
822,BOEING 747SP,BOEING,BOEING 747SP,B747SP,01-01-90,9999
823,BOEING 747-200F,BOEING,BOEING 747-200F,B747-2F,01-01-90,9999
825,CONVAIR 880,CONVAIR,CONVAIR 880 (CV-22/22M),CV-880,01-01-90,9999
830,CONVAIR 990,CONVAIR,CONVAIR 990 CORONADO (CV-30),CORONADO,01-01-90,9999
833,EMB LEGACY 650,EMBRAER ,EMBRAER LEGACY 650,LEG-650,01-10-16,9999
835,AVROLINER RJ85,AVRO INTERNATIONAL AEROSPACE,AVROLINER RJ85,AV RJ85,01-01-97,9999
836,A350-1000,AIRBUS,AIRBUS 350-1000,A350-10,01-01-17,9999
837,B787-10 DREAMLINER,BOEING,BOEING 787-10 DREAMLINER,B787-10,01-01-17,9999
838,B737 MAX 800,BOEING,BOEING B737 MAX 800,MAX 8,01-07-16,9999
839,B737 MAX 900,BOEING,BOEING B737 MAX 900,MAX 9,01-07-16,9999
840,DOUGLAS DC-8-10,MCDONNELL DOUGLAS,MCDONNELL DOUGLAS DC-8-10,DC-8-10,01-01-90,9999
842,DOUGLAS DC-8-20,MCDONNELL DOUGLAS,MCDONNELL DOUGLAS DC-8-20,DC-8-20,01-01-90,9999
844,DOUGLAS DC-8-30,MCDONNELL DOUGLAS,MCDONNELL DOUGLAS DC-8-30,DC-8-30,01-01-90,9999
846,DOUGLAS DC-8-40,MCDONNELL DOUGLAS,MCDONNELL DOUGLAS DC-8-40,DC-8-40,01-01-90,9999
848,DOUGLAS DC-8-50,MCDONNELL DOUGLAS,MCDONNELL DOUGLAS DC-8-50,DC-8-50,01-01-90,9999
850,DOUGLAS DC-8-50F,MCDONNELL DOUGLAS,MCDONNELL DOUGLAS DC-8-50F,DC-8-50F,01-01-90,9999
851,DOUGLAS DC-8-61,MCDONNELL DOUGLAS,MCDONNELL DOUGLAS DC-8-61,DC-8-61,01-01-90,9999
852,DOUGLAS DC-8-63F,MCDONNELL DOUGLAS,MCDONNELL DOUGLAS DC-8-63F,DC-8-63F,01-01-90,9999
854,DOUGLAS DC-8-62,MCDONNELL DOUGLAS,MCDONNELL DOUGLAS DC-8-62,DC-8-62,01-01-90,9999
856,DOUGLAS DC-8-63,MCDONNELL DOUGLAS,MCDONNELL DOUGLAS DC-8-63,DC-8-63,01-01-90,9999
860,DOUGLAS DC-8-71,MCDONNELL DOUGLAS,MCDONNELL DOUGLAS DC-8-71,DC-8-71,01-01-90,9999
862,DOUGLAS DC-8-72,MCDONNELL DOUGLAS,MCDONNELL DOUGLAS DC-8-72,DC-8-72,01-01-90,9999
864,DOUGLAS DC-8-73,MCDONNELL DOUGLAS,MCDONNELL DOUGLAS DC-8-73,DC-8-73,01-01-90,9999
865,DOUGLAS DC-8-73F,MCDONNELL DOUGLAS,MCDONNELL DOUGLAS DC-8-73F,DC-8-73F,01-01-90,9999
866,BAE-146-100/RJ70,BRITISH AEROSPACE,BRITISH AEROSPACE BAE-146-100/RJ70,BAE146-1,01-01-90,9999
867,BAE-146-200,BRITISH AEROSPACE,BRITISH AEROSPACE BAE-146-200,BAE146-2,01-01-90,9999
868,BAE-146-300,BRITISH AEROSPACE,BRITISH AEROSPACE BAE-146-300,BAE146-3,01-01-90,9999
870,LOCKHEED JETSTAR,LOCKHEED,LOCKHEED JETSTAR,JETSTAR,01-01-90,9999
871,A340-300,AIRBUS INDUSTRIE,AIRBUS INDUSTRIE A340-300,A340-3,01-09-96,9999
872,A340-500,AIRBUS INDUSTRIE,AIRBUS INDUSTRIE A340-500,A340-5,01-09-96,9999
873,A340-200,AIRBUS INDUSTRIE,AIRBUS INDUSTRIE A340-200,A340-2,01-09-96,9999
874,A340-600,AIRBUS INDUSTRIE,AIRBUS INDUSTRIE A340-600,A340-6,01-09-96,9999
875,CONCORDE,AEROSPATIALE/BRITISH AEROSPACE,AEROSPATIALE/BRITISH AEROSPACE CONCORDE,CONCORDE,01-01-90,9999
876,ILYUSHIN 62,ILYUSHIN,ILYUSHIN 62,IL-62,01-01-90,9999
877,ILYUSHIN 76/TD,ILYUSHIN,ILYUSHIN 76/TD,IL-76/TD,01-01-90,9999
878,ILYUSHIN 86,ILYUSHIN,ILYUSHIN 86,IL-86,01-01-90,9999
879,ILYUSHIN 96,ILYUSHIN,ILYUSHIN 96,IL-96,01-03-93,9999
880,ANTONOV 124,ANTONOV,ANTONOV 124,AN-124,01-01-90,9999
881,IL-96-40T,ILYUSHIN,ILYUSHIIN IL-96-400T,IL-96-4T,01-01-13,9999
882,A380-800,AIRBUS INDUSTRIE,AIRBUS INDUSTRAI A380-800,A380-8,01-07-08,9999
887,B787-8 DREAMLINER,BOEING,B787-800 DREAMLINER,B787-8,01-01-12,9999
888,B737-900ER,BOEING,BOEING 737-900ER,B737-9ER,01-01-12,9999
889,B787-9 DREAMLINER,BOEING,B787-900 DREAMLINER,B787-9,01-01-12,9999
890,ANTONOV 225,ANTONOV,ANTONOV 225 (6 ENGINE),AN-225,01-01-90,9999
